HW Name,HW CPU, HW Mem, HW Netz, VMs, VMs CPU, VMs Mem, VMs Netz
HW 1,28,40119,4138,VM 1 VM 101 VM 201 VM 301 VM 401 VM 501 VM 601 VM 701 VM 801 VM 901 ,20,28222,2569
HW 2,43,15343,3180,VM 2 VM 102 VM 202 VM 302 VM 402 VM 502 VM 602 VM 702 VM 802 VM 902 ,19,29602,2974
HW 3,40,14104,3437,VM 3 VM 103 VM 203 VM 303 VM 403 VM 503 VM 603 VM 703 VM 803 VM 903 ,21,22464,2270
HW 4,2,26349,2175,VM 4 VM 104 VM 204 VM 304 VM 404 VM 504 VM 604 VM 704 VM 804 VM 904 ,23,27605,1692
HW 5,12,8800,748,VM 5 VM 105 VM 205 VM 305 VM 405 VM 505 VM 605 VM 705 VM 805 VM 905 ,22,25790,2372
HW 6,3,7171,2445,VM 6 VM 106 VM 206 VM 306 VM 406 VM 506 VM 606 VM 706 VM 806 VM 906 ,21,29223,2413
HW 7,9,4673,4799,VM 7 VM 107 VM 207 VM 307 VM 407 VM 507 VM 607 VM 707 VM 807 VM 907 ,28,30765,2599
HW 8,34,49689,4375,VM 8 VM 108 VM 208 VM 308 VM 408 VM 508 VM 608 VM 708 VM 808 VM 908 ,25,24728,2005
HW 9,39,12648,4137,VM 9 VM 109 VM 209 VM 309 VM 409 VM 509 VM 609 VM 709 VM 809 VM 909 ,22,32225,2190
HW 10,15,22903,2541,VM 10 VM 110 VM 210 VM 310 VM 410 VM 510 VM 610 VM 710 VM 810 VM 910 ,22,26191,2859
HW 11,46,29741,4883,VM 11 VM 111 VM 211 VM 311 VM 411 VM 511 VM 611 VM 711 VM 811 VM 911 ,26,26839,2295
HW 12,38,28878,698,VM 12 VM 112 VM 212 VM 312 VM 412 VM 512 VM 612 VM 712 VM 812 VM 912 ,15,32831,2547
HW 13,6,26575,1054,VM 13 VM 113 VM 213 VM 313 VM 413 VM 513 VM 613 VM 713 VM 813 VM 913 ,21,34776,3659
HW 14,17,9399,2189,VM 14 VM 114 VM 214 VM 314 VM 414 VM 514 VM 614 VM 714 VM 814 VM 914 ,25,19421,2861
HW 15,2,3145,4825,VM 15 VM 115 VM 215 VM 315 VM 415 VM 515 VM 615 VM 715 VM 815 VM 915 ,22,21351,2585
HW 16,43,27993,4207,VM 16 VM 116 VM 216 VM 316 VM 416 VM 516 VM 616 VM 716 VM 816 VM 916 ,21,22050,2212
HW 17,5,36009,2162,VM 17 VM 117 VM 217 VM 317 VM 417 VM 517 VM 617 VM 717 VM 817 VM 917 ,20,22002,3039
HW 18,43,44618,2118,VM 18 VM 118 VM 218 VM 318 VM 418 VM 518 VM 618 VM 718 VM 818 VM 918 ,18,25773,1722
HW 19,6,38896,1107,VM 19 VM 119 VM 219 VM 319 VM 419 VM 519 VM 619 VM 719 VM 819 VM 919 ,25,33446,2425
HW 20,26,27790,3068,VM 20 VM 120 VM 220 VM 320 VM 420 VM 520 VM 620 VM 720 VM 820 VM 920 ,24,24323,2317
HW 21,24,32249,1941,VM 21 VM 121 VM 221 VM 321 VM 421 VM 521 VM 621 VM 721 VM 821 VM 921 ,20,23428,2863
HW 22,7,22113,2190,VM 22 VM 122 VM 222 VM 322 VM 422 VM 522 VM 622 VM 722 VM 822 VM 922 ,25,26405,1677
HW 23,1,39959,4933,VM 23 VM 123 VM 223 VM 323 VM 423 VM 523 VM 623 VM 723 VM 823 VM 923 ,25,27258,3239
HW 24,41,36689,4347,VM 24 VM 124 VM 224 VM 324 VM 424 VM 524 VM 624 VM 724 VM 824 VM 924 ,22,17445,2162
HW 25,43,2131,926,VM 25 VM 125 VM 225 VM 325 VM 425 VM 525 VM 625 VM 725 VM 825 VM 925 ,23,26127,2755
HW 26,1,1121,3900,VM 26 VM 126 VM 226 VM 326 VM 426 VM 526 VM 626 VM 726 VM 826 VM 926 ,18,25568,2147
HW 27,20,46604,1943,VM 27 VM 127 VM 227 VM 327 VM 427 VM 527 VM 627 VM 727 VM 827 VM 927 ,16,23959,2433
HW 28,30,2834,47,VM 28 VM 128 VM 228 VM 328 VM 428 VM 528 VM 628 VM 728 VM 828 VM 928 ,19,20760,2319
HW 29,1,33703,4262,VM 29 VM 129 VM 229 VM 329 VM 429 VM 529 VM 629 VM 729 VM 829 VM 929 ,22,22042,2919
HW 30,17,29988,3832,VM 30 VM 130 VM 230 VM 330 VM 430 VM 530 VM 630 VM 730 VM 830 VM 930 ,19,30814,2822
HW 31,32,24712,4025,VM 31 VM 131 VM 231 VM 331 VM 431 VM 531 VM 631 VM 731 VM 831 VM 931 ,15,24964,3069
HW 32,22,23938,1650,VM 32 VM 132 VM 232 VM 332 VM 432 VM 532 VM 632 VM 732 VM 832 VM 932 ,24,21734,2858
HW 33,30,45324,3855,VM 33 VM 133 VM 233 VM 333 VM 433 VM 533 VM 633 VM 733 VM 833 VM 933 ,22,25322,2811
HW 34,33,100,541,VM 34 VM 134 VM 234 VM 334 VM 434 VM 534 VM 634 VM 734 VM 834 VM 934 ,28,20229,1562
HW 35,35,28167,1934,VM 35 VM 135 VM 235 VM 335 VM 435 VM 535 VM 635 VM 735 VM 835 VM 935 ,20,27910,3220
HW 36,27,25289,540,VM 36 VM 136 VM 236 VM 336 VM 436 VM 536 VM 636 VM 736 VM 836 VM 936 ,29,33556,2360
HW 37,11,29918,3302,VM 37 VM 137 VM 237 VM 337 VM 437 VM 537 VM 637 VM 737 VM 837 VM 937 ,15,24064,2205
HW 38,25,47843,4026,VM 38 VM 138 VM 238 VM 338 VM 438 VM 538 VM 638 VM 738 VM 838 VM 938 ,26,21527,3225
HW 39,16,46686,524,VM 39 VM 139 VM 239 VM 339 VM 439 VM 539 VM 639 VM 739 VM 839 VM 939 ,27,21445,2697
HW 40,18,35924,217,VM 40 VM 140 VM 240 VM 340 VM 440 VM 540 VM 640 VM 740 VM 840 VM 940 ,23,26647,3018
HW 41,19,38695,275,VM 41 VM 141 VM 241 VM 341 VM 441 VM 541 VM 641 VM 741 VM 841 VM 941 ,23,21316,2228
HW 42,17,43669,3495,VM 42 VM 142 VM 242 VM 342 VM 442 VM 542 VM 642 VM 742 VM 842 VM 942 ,20,17995,2490
HW 43,4,1055,2527,VM 43 VM 143 VM 243 VM 343 VM 443 VM 543 VM 643 VM 743 VM 843 VM 943 ,22,18775,2556
HW 44,19,38534,2022,VM 44 VM 144 VM 244 VM 344 VM 444 VM 544 VM 644 VM 744 VM 844 VM 944 ,21,24025,2691
HW 45,36,9820,121,VM 45 VM 145 VM 245 VM 345 VM 445 VM 545 VM 645 VM 745 VM 845 VM 945 ,18,27196,2691
HW 46,18,39195,536,VM 46 VM 146 VM 246 VM 346 VM 446 VM 546 VM 646 VM 746 VM 846 VM 946 ,18,24523,2884
HW 47,34,21808,2123,VM 47 VM 147 VM 247 VM 347 VM 447 VM 547 VM 647 VM 747 VM 847 VM 947 ,24,25937,1929
HW 48,20,146,4319,VM 48 VM 148 VM 248 VM 348 VM 448 VM 548 VM 648 VM 748 VM 848 VM 948 ,23,17337,2148
HW 49,39,27010,2124,VM 49 VM 149 VM 249 VM 349 VM 449 VM 549 VM 649 VM 749 VM 849 VM 949 ,17,23234,1920
HW 50,1,37000,1025,VM 50 VM 150 VM 250 VM 350 VM 450 VM 550 VM 650 VM 750 VM 850 VM 950 ,18,26191,2002
HW 51,27,44924,843,VM 51 VM 151 VM 251 VM 351 VM 451 VM 551 VM 651 VM 751 VM 851 VM 951 ,16,21874,3123
HW 52,38,8079,587,VM 52 VM 152 VM 252 VM 352 VM 452 VM 552 VM 652 VM 752 VM 852 VM 952 ,17,27743,1464
HW 53,38,21052,1138,VM 53 VM 153 VM 253 VM 353 VM 453 VM 553 VM 653 VM 753 VM 853 VM 953 ,20,22489,2226
HW 54,27,1509,196,VM 54 VM 154 VM 254 VM 354 VM 454 VM 554 VM 654 VM 754 VM 854 VM 954 ,14,22543,2771
HW 55,35,29026,837,VM 55 VM 155 VM 255 VM 355 VM 455 VM 555 VM 655 VM 755 VM 855 VM 955 ,23,23780,1844
HW 56,47,39021,4752,VM 56 VM 156 VM 256 VM 356 VM 456 VM 556 VM 656 VM 756 VM 856 VM 956 ,18,28066,3145
HW 57,11,3606,2189,VM 57 VM 157 VM 257 VM 357 VM 457 VM 557 VM 657 VM 757 VM 857 VM 957 ,21,22631,3302
HW 58,29,44667,1205,VM 58 VM 158 VM 258 VM 358 VM 458 VM 558 VM 658 VM 758 VM 858 VM 958 ,23,23953,1965
HW 59,44,42981,4058,VM 59 VM 159 VM 259 VM 359 VM 459 VM 559 VM 659 VM 759 VM 859 VM 959 ,19,25657,2508
HW 60,7,28386,2329,VM 60 VM 160 VM 260 VM 360 VM 460 VM 560 VM 660 VM 760 VM 860 VM 960 ,19,31439,2145
HW 61,46,47565,4076,VM 61 VM 161 VM 261 VM 361 VM 461 VM 561 VM 661 VM 761 VM 861 VM 961 ,24,25829,2384
HW 62,35,46061,3299,VM 62 VM 162 VM 262 VM 362 VM 462 VM 562 VM 662 VM 762 VM 862 VM 962 ,14,21397,3258
HW 63,16,40604,539,VM 63 VM 163 VM 263 VM 363 VM 463 VM 563 VM 663 VM 763 VM 863 VM 963 ,15,22338,3047
HW 64,6,32368,3472,VM 64 VM 164 VM 264 VM 364 VM 464 VM 564 VM 664 VM 764 VM 864 VM 964 ,28,21606,1767
HW 65,25,1486,93,VM 65 VM 165 VM 265 VM 365 VM 465 VM 565 VM 665 VM 765 VM 865 VM 965 ,24,26657,2832
HW 66,10,4109,1312,VM 66 VM 166 VM 266 VM 366 VM 466 VM 566 VM 666 VM 766 VM 866 VM 966 ,22,21529,2203
HW 67,20,30446,4699,VM 67 VM 167 VM 267 VM 367 VM 467 VM 567 VM 667 VM 767 VM 867 VM 967 ,23,34641,2460
HW 68,41,36265,3987,VM 68 VM 168 VM 268 VM 368 VM 468 VM 568 VM 668 VM 768 VM 868 VM 968 ,21,30773,2775
HW 69,46,47369,4607,VM 69 VM 169 VM 269 VM 369 VM 469 VM 569 VM 669 VM 769 VM 869 VM 969 ,22,20409,2112
HW 70,26,12858,3652,VM 70 VM 170 VM 270 VM 370 VM 470 VM 570 VM 670 VM 770 VM 870 VM 970 ,17,32465,1746
HW 71,29,13316,393,VM 71 VM 171 VM 271 VM 371 VM 471 VM 571 VM 671 VM 771 VM 871 VM 971 ,24,33349,2275
HW 72,7,9797,2559,VM 72 VM 172 VM 272 VM 372 VM 472 VM 572 VM 672 VM 772 VM 872 VM 972 ,24,31753,2115
HW 73,34,31204,3503,VM 73 VM 173 VM 273 VM 373 VM 473 VM 573 VM 673 VM 773 VM 873 VM 973 ,23,23472,2691
HW 74,23,17756,1250,VM 74 VM 174 VM 274 VM 374 VM 474 VM 574 VM 674 VM 774 VM 874 VM 974 ,23,31651,2678
HW 75,43,48356,3379,VM 75 VM 175 VM 275 VM 375 VM 475 VM 575 VM 675 VM 775 VM 875 VM 975 ,23,27576,2193
HW 76,46,43159,2075,VM 76 VM 176 VM 276 VM 376 VM 476 VM 576 VM 676 VM 776 VM 876 VM 976 ,20,19773,3136
HW 77,28,14326,4312,VM 77 VM 177 VM 277 VM 377 VM 477 VM 577 VM 677 VM 777 VM 877 VM 977 ,21,27824,2589
HW 78,14,23529,82,VM 78 VM 178 VM 278 VM 378 VM 478 VM 578 VM 678 VM 778 VM 878 VM 978 ,22,27096,2826
HW 79,6,20034,3848,VM 79 VM 179 VM 279 VM 379 VM 479 VM 579 VM 679 VM 779 VM 879 VM 979 ,21,19765,2374
HW 80,10,16589,4864,VM 80 VM 180 VM 280 VM 380 VM 480 VM 580 VM 680 VM 780 VM 880 VM 980 ,22,21600,2649
HW 81,6,10654,3304,VM 81 VM 181 VM 281 VM 381 VM 481 VM 581 VM 681 VM 781 VM 881 VM 981 ,23,30843,2411
HW 82,29,8044,4873,VM 82 VM 182 VM 282 VM 382 VM 482 VM 582 VM 682 VM 782 VM 882 VM 982 ,29,28129,2285
HW 83,27,13438,1786,VM 83 VM 183 VM 283 VM 383 VM 483 VM 583 VM 683 VM 783 VM 883 VM 983 ,19,27736,3035
HW 84,42,11123,923,VM 84 VM 184 VM 284 VM 384 VM 484 VM 584 VM 684 VM 784 VM 884 VM 984 ,27,35100,2481
HW 85,13,40352,1811,VM 85 VM 185 VM 285 VM 385 VM 485 VM 585 VM 685 VM 785 VM 885 VM 985 ,26,22266,3009
HW 86,6,37631,1376,VM 86 VM 186 VM 286 VM 386 VM 486 VM 586 VM 686 VM 786 VM 886 VM 986 ,25,27285,3074
HW 87,29,13710,4126,VM 87 VM 187 VM 287 VM 387 VM 487 VM 587 VM 687 VM 787 VM 887 VM 987 ,16,17136,2415
HW 88,48,9102,4880,VM 88 VM 188 VM 288 VM 388 VM 488 VM 588 VM 688 VM 788 VM 888 VM 988 ,25,36625,2821
HW 89,5,44400,2709,VM 89 VM 189 VM 289 VM 389 VM 489 VM 589 VM 689 VM 789 VM 889 VM 989 ,17,26524,2946
HW 90,31,31992,4368,VM 90 VM 190 VM 290 VM 390 VM 490 VM 590 VM 690 VM 790 VM 890 VM 990 ,26,24635,2348
HW 91,44,27319,4949,VM 91 VM 191 VM 291 VM 391 VM 491 VM 591 VM 691 VM 791 VM 891 VM 991 ,21,23400,3028
HW 92,24,9798,1347,VM 92 VM 192 VM 292 VM 392 VM 492 VM 592 VM 692 VM 792 VM 892 VM 992 ,32,20967,2561
HW 93,7,16885,159,VM 93 VM 193 VM 293 VM 393 VM 493 VM 593 VM 693 VM 793 VM 893 VM 993 ,22,26316,2266
HW 94,42,40290,2939,VM 94 VM 194 VM 294 VM 394 VM 494 VM 594 VM 694 VM 794 VM 894 VM 994 ,24,23676,2350
HW 95,48,28237,3349,VM 95 VM 195 VM 295 VM 395 VM 495 VM 595 VM 695 VM 795 VM 895 VM 995 ,19,24516,2460
HW 96,18,48262,4694,VM 96 VM 196 VM 296 VM 396 VM 496 VM 596 VM 696 VM 796 VM 896 VM 996 ,21,24708,3283
HW 97,45,22632,1539,VM 97 VM 197 VM 297 VM 397 VM 497 VM 597 VM 697 VM 797 VM 897 VM 997 ,23,21406,2067
HW 98,4,14516,4071,VM 98 VM 198 VM 298 VM 398 VM 498 VM 598 VM 698 VM 798 VM 898 VM 998 ,20,29540,2509
HW 99,10,10785,3093,VM 99 VM 199 VM 299 VM 399 VM 499 VM 599 VM 699 VM 799 VM 899 VM 999 ,17,23248,2385
HW 100,1,4187,2888,VM 100 VM 200 VM 300 VM 400 VM 500 VM 600 VM 700 VM 800 VM 900 VM 1000 ,24,27860,2041
